{
  "Invoices": [
    {
      "id": 1,
      "invoiceNo": "GLM-1",
      "customerId": "3",
      "customerName": "Tikam Singh",
      "deliveryAddress": "Tikam address",
      "remarks": "dd",
      "invoiceDate": "2023-03-11",
      "total": "30",
      "tax": "10",
      "grossTotal": "33",
      "netTotal": 23,
      "discount": "10",
      "details": [
        {
          "invoiceNo": "",
          "serviceName": "1",
          "desc": "Threading",
          "qty": 1,
          "salesPrice": "30",
          "total": 30
        }
      ]
    },
    {
      "id": 2,
      "invoiceNo": "GLM-2",
      "customerId": "2",
      "customerName": "Sujeet Singh",
      "deliveryAddress": "Spring Meadows",
      "remarks": "cc",
      "invoiceDate": "2023-03-11",
      "total": "310",
      "tax": "5",
      "grossTotal": "325.5",
      "netTotal": 300.5,
      "discount": "25",
      "details": [
        {
          "invoiceNo": "",
          "serviceName": "1",
          "desc": "Threading",
          "qty": 1,
          "salesPrice": "30",
          "total": 30
        },
        {
          "invoiceNo": "",
          "serviceName": "2",
          "desc": "Waxing",
          "qty": 1,
          "salesPrice": "250",
          "total": 250
        },
        {
          "invoiceNo": "",
          "serviceName": "1",
          "desc": "Threading",
          "qty": 1,
          "salesPrice": "30",
          "total": 30
        }
      ]
    }
  ],
  "ParlourServices": [
    {
      "id": 1,
      "serviceName": "Threading",
      "price": "30",
      "duration": "5",
      "desc": "Threading"
    },
    {
      "id": 2,
      "serviceName": "Waxing",
      "price": "250",
      "duration": "60",
      "desc": "Waxing"
    }
  ],
  "CustomerList": [
    {
      "id": 1,
      "fullName": "Taruna",
      "email": "Taruna@gmail.com",
      "contact": "9891796393",
      "address": "ajnara homes",
      "tower": "Tower O",
      "society": "Ajnara ",
      "customerType": "Occasional"
    },
    {
      "id": 2,
      "fullName": "Sujeet Singh",
      "email": "su@gmail.com",
      "contact": "843743663",
      "address": "Spring Meadows",
      "tower": "A",
      "society": "hh",
      "customerType": "Regular"
    },
    {
      "id": 3,
      "fullName": "Tikam Singh",
      "email": "ti@gmail.com",
      "contact": "775453",
      "address": "Tikam address",
      "tower": "d",
      "society": "dd",
      "customerType": "Regular"
    },
    {
      "id": 4,
      "fullName": "sivam",
      "email": "si@gmail.com",
      "contact": "634343434",
      "address": "Sivam address",
      "tower": "h",
      "society": "ss",
      "customerType": "Occasional"
    },
    {
      "id": 5,
      "fullName": "Ratnesh",
      "email": "ratnesh@gmail.com",
      "contact": "8833434343",
      "address": "Ratnesh Address",
      "tower": "r",
      "society": "ss",
      "customerType": "Occasional"
    },
    {
      "id": 6,
      "fullName": "Vinod",
      "email": "vinodkus@gmail.com",
      "contact": "9891796393",
      "address": "B003",
      "tower": "B",
      "society": "Ajanara Homes",
      "customerType": "Regular"
    }
  ],
  "UserList": [
    {
      "firstName": "vinod",
      "lastName": "kumar",
      "email": "vinod@gmail.com",
      "phone": "8888888888",
      "password": "12",
      "confirmPassword": "123123",
      "gender": "male",
      "id": 1
    },
    {
      "firstName": "ajay",
      "lastName": "kumar",
      "email": "ajay@gmail.com",
      "phone": "2222222222",
      "password": "1",
      "confirmPassword": "1",
      "gender": "male",
      "id": 2
    }
  ]
}