{
  "Invoices": [
    {
      "invoiceNo": "inv01",
      "customerId": "1",
      "customerName": "",
      "deliveryAddress": "ajnara homes",
      "remarks": "",
      "total": "1180",
      "tax": "82.60000000000001",
      "netTotal": "1262.6",
      "details": [
        {
          "invoiceNo": "",
          "serviceName": "1",
          "desc": "Normal threading work",
          "qty": 1,
          "salesPrice": "30",
          "total": 30
        },
        {
          "invoiceNo": "",
          "serviceName": "2",
          "desc": "na",
          "qty": "2",
          "salesPrice": "400",
          "total": 800
        },
        {
          "invoiceNo": "",
          "serviceName": "3",
          "desc": "service3 desc",
          "qty": 1,
          "salesPrice": "350",
          "total": 350
        }
      ],
      "id": 1
    },
    {
      "invoiceNo": "inv2",
      "customerId": "3",
      "customerName": "",
      "deliveryAddress": "Tikam address",
      "remarks": "tikam remarks",
      "invoiceDate": "",
      "total": "400",
      "tax": "28.000000000000004",
      "netTotal": "428",
      "details": [
        {
          "invoiceNo": "",
          "serviceName": "2",
          "desc": "na",
          "qty": 1,
          "salesPrice": "400",
          "total": 400
        }
      ],
      "id": 2
    },
    {
      "invoiceNo": "inv3",
      "customerId": "2",
      "customerName": "",
      "deliveryAddress": "Spring Meadows",
      "remarks": "ddd",
      "invoiceDate": "",
      "total": "400",
      "tax": "28.000000000000004",
      "netTotal": "428",
      "details": [
        {
          "invoiceNo": "",
          "serviceName": "2",
          "desc": "na",
          "qty": 1,
          "salesPrice": "400",
          "total": 400
        }
      ],
      "id": 3
    },
    {
      "invoiceNo": "inv5",
      "customerId": "1",
      "customerName": "",
      "deliveryAddress": "ajnara homes",
      "remarks": "tddd",
      "invoiceDate": "2023-02-28",
      "total": "400",
      "tax": "28.000000000000004",
      "netTotal": "428",
      "details": [
        {
          "invoiceNo": "",
          "serviceName": "2",
          "desc": "na",
          "qty": 1,
          "salesPrice": "400",
          "total": 400
        }
      ],
      "id": 5
    }
  ],
  "ParlourServices": [
    {
      "id": 1,
      "serviceName": "Service 1",
      "price": "30",
      "duration": "10",
      "desc": "Normal threading work"
    },
    {
      "id": 2,
      "serviceName": "Service 2",
      "price": "400",
      "duration": "60",
      "desc": "na"
    },
    {
      "id": 3,
      "serviceName": "Service 3",
      "price": "350",
      "duration": "60",
      "desc": "service3 desc"
    }
  ],
  "CustomerList": [
    {
      "id": 1,
      "fullName": "Taruna",
      "email": "Taruna@gmail.com",
      "contact": "9891796393",
      "address": "ajnara homes",
      "tower": "Tower O",
      "society": "Ajnara ",
      "customerType": "Occasional"
    },
    {
      "id": 2,
      "fullName": "Sujeet Singh",
      "email": "su@gmail.com",
      "contact": "843743663",
      "address": "Spring Meadows",
      "tower": "A",
      "society": "hh",
      "customerType": "Regular"
    },
    {
      "id": 3,
      "fullName": "Tikam Singh",
      "email": "ti@gmail.com",
      "contact": "775453",
      "address": "Tikam address",
      "tower": "d",
      "society": "dd",
      "customerType": "Regular"
    },
    {
      "id": 4,
      "fullName": "sivam",
      "email": "si@gmail.com",
      "contact": "634343434",
      "address": "Sivam address",
      "tower": "h",
      "society": "ss",
      "customerType": "Occasional"
    },
    {
      "id": 5,
      "fullName": "Ratnesh",
      "email": "ratnesh@gmail.com",
      "contact": "8833434343",
      "address": "Ratnesh Address",
      "tower": "r",
      "society": "ss",
      "customerType": "Occasional"
    }
  ],
  "UserList": [
    {
      "firstName": "vinod",
      "lastName": "kumar",
      "email": "vinod@gmail.com",
      "phone": "8888888888",
      "password": "12",
      "confirmPassword": "123123",
      "gender": "male",
      "id": 1
    },
    {
      "firstName": "ajay",
      "lastName": "kumar",
      "email": "ajay@gmail.com",
      "phone": "2222222222",
      "password": "1",
      "confirmPassword": "1",
      "gender": "male",
      "id": 2
    }
  ]
}