{
  "posts": [
    {
      "id": 1,
      "title": "json-server",
      "author": "typicode"
    }
  ],
  "comments": [
    {
      "id": 1,
      "body": "some comment",
      "postId": 1
    }
  ],
  "profile": {
    "name": "typicode"
  },
  "ParlourServices": [
    {
      "id": 1,
      "serviceName": "Threading",
      "price": "30",
      "duration": "5",
      "desc": "Normal threading work"
    },
    {
      "id": 2,
      "serviceName": "VLCC anti tan",
      "price": "400",
      "duration": "60",
      "desc": "na"
    },
    {
      "id": 3,
      "serviceName": "Manicure",
      "price": "350",
      "duration": "60",
      "desc": ""
    }
  ],
  "CustomerList": [
    {
      "id": 1,
      "fullName": "vk",
      "email": "vk@gmail.com",
      "contact": "9891796393",
      "address": "dd",
      "tower": "Tower c",
      "society": "Ajnara ",
      "customerType": "Occasional"
    },
    {
      "id": 2,
      "fullName": "su",
      "email": "su@gmail.com",
      "contact": "843743663",
      "address": "ff",
      "tower": "u",
      "society": "hh",
      "customerType": "Regular"
    },
    {
      "id": 3,
      "fullName": "ti",
      "email": "ti@gmail.com",
      "contact": "775453",
      "address": "ff",
      "tower": "d",
      "society": "dd",
      "customerType": "Regular"
    },
    {
      "id": 4,
      "fullName": "si",
      "email": "si@gmail.com",
      "contact": "634343434",
      "address": "fdsfd",
      "tower": "h",
      "society": "ss",
      "customerType": "Occasional"
    },
    {
      "id": 5,
      "fullName": "Ratnesh",
      "email": "ratnesh@gmail.com",
      "contact": "8833434343",
      "address": "ff",
      "tower": "r",
      "society": "ss",
      "customerType": "Occasional"
    }
  ],
  "UserList": [
    {
      "firstName": "vinod",
      "lastName": "kumar",
      "email": "vinod@gmail.com",
      "phone": "8888888888",
      "password": "12",
      "confirmPassword": "123123",
      "gender": "male",
      "id": 1
    },
    {
      "firstName": "ajay",
      "lastName": "kumar",
      "email": "ajay@gmail.com",
      "phone": "2222222222",
      "password": "1",
      "confirmPassword": "1",
      "gender": "male",
      "id": 2
    }
  ]
}