{
  "Invoices": [
    {
      "invoiceNo": "inv01",
      "customerId": "1",
      "customerName": "Taruna",
      "deliveryAddress": "ajnara homes",
      "remarks": "taruna remark",
      "invoiceDate": "2023-03-10",
      "total": "810",
      "tax": "56.7",
      "netTotal": "866.7",
      "details": [
        {
          "invoiceNo": "",
          "serviceName": "1",
          "desc": "Normal threading work",
          "qty": "2",
          "salesPrice": "30",
          "total": 60
        },
        {
          "invoiceNo": "",
          "serviceName": "2",
          "desc": "na",
          "qty": 1,
          "salesPrice": "400",
          "total": 400
        },
        {
          "invoiceNo": "",
          "serviceName": "3",
          "desc": "service3 desc",
          "qty": 1,
          "salesPrice": "350",
          "total": 350
        }
      ],
      "id": 1
    },
    {
      "invoiceNo": "inv02",
      "customerId": "2",
      "customerName": "Sujeet Singh",
      "deliveryAddress": "Spring Meadows",
      "remarks": "sujeet remarks",
      "invoiceDate": "2023-03-10",
      "total": "2200",
      "tax": "154.00000000000003",
      "netTotal": "2354",
      "details": [
        {
          "invoiceNo": "",
          "serviceName": "2",
          "desc": "na",
          "qty": "2",
          "salesPrice": "400",
          "total": 800
        },
        {
          "invoiceNo": "",
          "serviceName": "3",
          "desc": "service3 desc",
          "qty": "4",
          "salesPrice": "350",
          "total": 1400
        }
      ],
      "id": 2
    },
    {
      "invoiceNo": "inv04",
      "customerId": "4",
      "customerName": "sivam",
      "deliveryAddress": "Sivam address",
      "remarks": "sujeet remarks",
      "invoiceDate": "2023-03-09",
      "total": "1330",
      "tax": "93.10000000000001",
      "netTotal": "1423.1",
      "details": [
        {
          "invoiceNo": "",
          "serviceName": "1",
          "desc": "Normal threading work",
          "qty": 1,
          "salesPrice": "30",
          "total": 30
        },
        {
          "invoiceNo": "",
          "serviceName": "2",
          "desc": "na",
          "qty": "2",
          "salesPrice": "300",
          "total": 600
        },
        {
          "invoiceNo": "",
          "serviceName": "3",
          "desc": "service3 desc",
          "qty": "2",
          "salesPrice": "350",
          "total": 700
        }
      ],
      "id": 4
    },
    {
      "invoiceNo": "inv05",
      "customerId": "6",
      "customerName": "Vinod",
      "deliveryAddress": "B003",
      "remarks": "remarks",
      "invoiceDate": "2023-03-17",
      "total": "430",
      "tax": "30.1",
      "netTotal": "460.1",
      "details": [
        {
          "invoiceNo": "",
          "serviceName": "1",
          "desc": "Normal threading work",
          "qty": 1,
          "salesPrice": "30",
          "total": 30
        },
        {
          "invoiceNo": "",
          "serviceName": "2",
          "desc": "na",
          "qty": 1,
          "salesPrice": "400",
          "total": 400
        }
      ],
      "id": 5
    },
    {
      "invoiceNo": "inv06",
      "customerId": "3",
      "customerName": "Tikam Singh",
      "deliveryAddress": "Tikam address",
      "remarks": "bad",
      "invoiceDate": "2023-03-10",
      "total": "430",
      "tax": "30.1",
      "netTotal": "460.1",
      "details": [
        {
          "invoiceNo": "",
          "serviceName": "1",
          "desc": "Normal threading work",
          "qty": 1,
          "salesPrice": "30",
          "total": 30
        },
        {
          "invoiceNo": "",
          "serviceName": "2",
          "desc": "na",
          "qty": 1,
          "salesPrice": "400",
          "total": 400
        }
      ],
      "id": 6
    }
  ],
  "ParlourServices": [
    {
      "id": 1,
      "serviceName": "Service 1",
      "price": "30",
      "duration": "10",
      "desc": "Normal threading work"
    },
    {
      "id": 2,
      "serviceName": "Service 2",
      "price": "400",
      "duration": "60",
      "desc": "na"
    },
    {
      "id": 3,
      "serviceName": "Service 3",
      "price": "350",
      "duration": "60",
      "desc": "service3 desc"
    }
  ],
  "CustomerList": [
    {
      "id": 1,
      "fullName": "Taruna",
      "email": "Taruna@gmail.com",
      "contact": "9891796393",
      "address": "ajnara homes",
      "tower": "Tower O",
      "society": "Ajnara ",
      "customerType": "Occasional"
    },
    {
      "id": 2,
      "fullName": "Sujeet Singh",
      "email": "su@gmail.com",
      "contact": "843743663",
      "address": "Spring Meadows",
      "tower": "A",
      "society": "hh",
      "customerType": "Regular"
    },
    {
      "id": 3,
      "fullName": "Tikam Singh",
      "email": "ti@gmail.com",
      "contact": "775453",
      "address": "Tikam address",
      "tower": "d",
      "society": "dd",
      "customerType": "Regular"
    },
    {
      "id": 4,
      "fullName": "sivam",
      "email": "si@gmail.com",
      "contact": "634343434",
      "address": "Sivam address",
      "tower": "h",
      "society": "ss",
      "customerType": "Occasional"
    },
    {
      "id": 5,
      "fullName": "Ratnesh",
      "email": "ratnesh@gmail.com",
      "contact": "8833434343",
      "address": "Ratnesh Address",
      "tower": "r",
      "society": "ss",
      "customerType": "Occasional"
    },
    {
      "id": 6,
      "fullName": "Vinod",
      "email": "vinodkus@gmail.com",
      "contact": "9891796393",
      "address": "B003",
      "tower": "B",
      "society": "Ajanara Homes",
      "customerType": "Regular"
    }
  ],
  "UserList": [
    {
      "firstName": "vinod",
      "lastName": "kumar",
      "email": "vinod@gmail.com",
      "phone": "8888888888",
      "password": "12",
      "confirmPassword": "123123",
      "gender": "male",
      "id": 1
    },
    {
      "firstName": "ajay",
      "lastName": "kumar",
      "email": "ajay@gmail.com",
      "phone": "2222222222",
      "password": "1",
      "confirmPassword": "1",
      "gender": "male",
      "id": 2
    }
  ]
}