{
  "posts": [
    {
      "id": 1,
      "title": "json-server",
      "author": "typicode"
    }
  ],
  "comments": [
    {
      "id": 1,
      "body": "some comment",
      "postId": 1
    }
  ],
  "profile": {
    "name": "typicode"
  },
  "ParlourServices": [
    {
      "id": 1,
      "serviceName": "Threading",
      "price": "30",
      "duration": "5",
      "desc": "Normal threading work"
    },
    {
      "id": 2,
      "serviceName": "VLCC anti tan",
      "price": "400",
      "duration": "60",
      "desc": "na"
    }
  ]
}